0,1,2,3,4,5,6,7,8,9,10,11,12,13,14,15,16,17,18,19,20,21,22,23,24,25,26,27,28,29,30,31,32,33,34,35
0,0,0,0,0,0,0,0,0,0,0,0,0,0,0,0,0,0,0,0,0,0,0,0,0,0,0,0,0,0,0,0,0,0,0,0
0,0,0,0,0,0,0,0,0,0,0,0,0,0,0,0,0,0,0,0,0,0,0,0,0,0,0,0,0,0,0,0,0,0,0,0
0,0,0,0,0,0,0,0,0,0,0,0,0,0,0,0,0,0,0,0,0,0,0,0,0,0,0,0,0,0,0,0,0,0,0,0
0,0,0,0,0,0,0,0,0,0,0,0,0,0,0,0,0,0,0,0,0,0,0,0,0,0,0,0,0,0,0,0,0,0,0,0
0,0,0,0,0,0,0,0,0,0,0,0,0,0,0,0,0,0,0,0,0,0,0,0,0,0,0,0,0,0,0,0,0,0,0,0
0,0,0,0,0,0,0,0,0,0,0,0,0,0,0,0,0,0,0,0,0,0,0,0,0,0,0,0,0,0,0,0,0,0,0,0
0,0,0,0,0,0,0,0,0,0,0,0,0,0,0,0,0,0,0,0,0,0,0,0,0,0,0,0,0,0,0,0,0,0,0,0
0,0,0,0,0,0,0,0,0,0,0,1,0,0,0,0,0,0,0,0,0,0,0,0,0,0,0,0,0,0,0,0,0,0,0,0
0,0,0,0,0,0,0,0,0,0,0,4,0,0,0,0,0,0,0,0,0,0,0,4,0,0,0,0,0,0,0,0,0,0,0,0
0,0,0,0,0,0,0,0,0,0,0,7,0,0,0,0,0,1,0,0,0,0,0,8,0,0,0,0,0,0,0,0,0,0,0,0
0,0,0,0,0,0,0,0,0,0,3,9,0,0,0,0,0,3,0,0,0,0,1,11,0,0,0,0,0,1,0,0,0,0,0,0
0,0,0,0,0,2,0,0,0,0,6,10,0,0,0,0,2,5,0,0,0,0,6,18,0,0,0,0,0,4,0,0,0,0,0,0
0,0,0,0,0,4,0,0,0,0,8,12,0,0,0,0,5,8,0,0,0,0,10,29,0,0,0,0,0,6,0,0,0,0,0,0
0,0,0,0,0,6,0,0,0,0,9,14,0,0,0,0,9,10,0,0,0,0,12,41,0,0,0,0,0,9,0,0,0,0,0,0
0,0,0,0,0,7,0,0,0,0,11,17,0,0,0,0,12,11,0,0,0,0,14,54,0,0,0,0,0,11,0,0,0,0,0,0
0,0,0,0,0,8,0,0,0,0,13,20,0,0,0,0,14,12,0,0,0,0,17,70,0,0,0,0,1,12,0,0,0,0,0,0
0,0,0,0,0,8,0,0,0,0,14,21,0,0,0,0,15,12,0,0,0,0,19,81,0,0,0,0,1,12,0,0,0,0,0,0
0,0,0,0,0,7,0,0,0,0,14,22,0,0,0,0,18,13,0,0,0,0,19,86,0,0,0,0,2,13,0,0,0,0,0,0
0,0,0,0,1,8,0,0,0,0,15,22,0,0,0,0,21,13,0,0,0,0,21,90,0,0,0,0,2,13,0,0,0,0,0,0
0,0,0,0,1,9,0,0,0,0,17,24,0,0,0,0,22,13,0,0,0,0,22,86,0,0,0,0,2,13,0,0,0,0,0,0
0,0,0,0,2,9,0,0,0,0,15,26,0,0,0,0,23,13,0,0,0,0,22,77,0,0,0,0,2,13,0,0,0,0,0,0
0,0,0,0,2,10,0,0,0,0,16,27,0,0,0,0,25,14,0,0,0,0,23,71,0,0,0,0,2,14,0,0,0,0,0,0
0,0,0,0,2,11,0,0,0,0,19,27,0,0,0,0,28,15,0,0,0,0,23,68,0,0,0,0,2,14,0,0,0,0,0,0
0,0,0,0,1,11,0,0,0,0,20,28,0,0,0,0,29,17,0,0,0,0,23,65,0,0,0,0,2,14,0,0,0,0,0,0
0,0,0,0,2,11,0,0,0,0,20,28,0,0,0,0,30,16,0,0,0,0,24,63,0,0,0,0,2,14,0,0,0,0,0,0
0,0,0,0,3,12,0,0,0,0,21,28,0,0,0,0,30,16,0,0,0,0,24,63,0,0,0,0,1,14,0,0,0,0,0,0
0,0,0,0,3,13,0,0,0,0,20,29,0,0,0,0,32,15,0,0,0,0,23,61,0,0,0,0,1,13,0,0,0,0,0,0
0,0,0,0,3,13,0,0,0,0,19,31,0,0,0,0,33,15,0,0,0,0,23,59,0,0,0,0,1,13,0,0,0,0,0,0
0,0,0,0,3,14,0,0,0,0,22,31,0,0,0,0,33,16,0,0,0,0,23,60,0,0,0,0,1,12,0,0,0,0,0,0
0,0,0,0,3,14,0,0,0,0,22,31,0,0,0,0,33,16,0,0,0,0,23,61,0,0,0,0,1,12,0,0,0,0,0,0
0,0,0,0,3,15,0,0,0,0,21,32,0,0,0,0,31,15,0,0,0,0,23,63,0,0,0,0,0,12,0,0,0,0,0,0
0,0,0,0,3,15,0,0,0,0,22,31,0,0,0,0,30,15,0,0,0,0,23,63,0,0,0,0,0,12,0,0,0,0,0,0
0,0,0,0,3,15,0,0,0,0,22,31,0,0,0,0,32,15,0,0,0,0,24,65,0,0,0,0,1,13,0,0,0,0,0,0
0,0,0,0,3,15,0,0,0,0,22,31,0,0,0,0,34,16,0,0,0,0,24,66,0,0,0,0,1,13,0,0,0,0,0,0
0,0,0,0,3,15,0,0,0,0,22,32,0,0,0,0,35,16,0,0,0,0,25,67,0,0,0,0,1,13,0,0,0,0,0,0
0,0,0,0,3,16,0,0,0,0,22,32,0,0,0,0,36,17,0,0,0,0,25,68,0,0,0,0,1,13,0,0,0,0,0,0
0,0,0,0,3,17,0,0,0,0,22,32,0,0,0,0,37,17,0,0,0,0,26,69,0,0,0,0,1,14,0,0,0,0,0,0
0,0,0,0,3,16,0,0,0,0,23,33,0,0,0,0,37,17,0,0,0,0,26,70,0,0,0,0,1,14,0,0,0,0,0,0
0,0,0,0,3,16,0,0,0,0,23,34,0,0,0,0,37,17,0,0,0,0,26,70,0,0,0,0,1,14,0,0,0,0,0,0
0,0,0,0,3,17,0,0,0,0,23,33,0,0,0,0,39,18,0,0,0,0,26,71,0,0,0,0,1,14,0,0,0,0,0,0
0,0,0,0,3,16,0,0,0,0,22,33,0,0,0,0,39,18,0,0,0,0,27,73,0,0,0,0,1,14,0,0,0,0,0,0
0,0,0,0,3,15,0,0,0,0,23,33,0,0,0,0,37,17,0,0,0,0,27,75,0,0,0,0,1,14,0,0,0,0,0,0
0,0,0,0,2,15,0,0,0,0,23,33,0,0,0,0,36,16,0,0,0,0,27,75,0,0,0,0,1,13,0,0,0,0,0,0
0,0,0,0,2,16,0,0,0,0,24,32,0,0,0,0,35,15,0,0,0,0,27,75,0,0,0,0,2,14,0,0,0,0,0,0
0,0,0,0,2,16,0,0,0,0,22,34,0,0,0,0,40,15,0,0,0,0,29,77,0,0,0,0,1,14,0,0,0,0,0,0
0,0,0,0,3,18,0,0,0,0,22,36,0,0,0,0,43,16,0,0,0,0,29,78,0,0,0,0,2,14,0,0,0,0,0,0
0,0,0,0,3,19,0,0,0,0,25,34,0,0,0,0,40,18,0,0,0,0,28,79,0,0,0,0,2,15,0,0,0,0,0,0
0,0,0,0,4,19,0,0,0,0,24,33,0,0,0,0,40,19,0,0,0,0,28,79,0,0,0,0,2,15,0,0,0,0,0,0
0,0,0,0,4,19,0,0,0,0,23,33,0,0,0,0,41,19,0,0,0,0,29,79,0,0,0,0,2,15,0,0,0,0,0,0
0,0,0,0,4,20,0,0,0,0,24,33,0,0,0,0,42,19,0,0,0,0,29,80,0,0,0,0,2,15,0,0,0,0,0,0
0,0,0,0,4,19,0,0,0,0,23,34,0,0,0,0,43,21,0,0,0,0,29,80,0,0,0,0,2,15,0,0,0,0,0,0
0,0,0,0,4,19,0,0,0,0,24,34,0,0,0,0,43,20,0,0,0,0,29,82,0,0,0,0,2,15,0,0,0,0,0,0
0,0,0,0,4,18,0,0,0,0,25,34,0,0,0,0,44,20,0,0,0,0,30,83,0,0,0,0,2,16,0,0,0,0,0,0
0,0,0,0,4,18,0,0,0,0,26,34,0,0,0,0,46,22,0,0,0,0,31,85,0,0,0,0,2,16,0,0,0,0,0,0
0,0,0,0,4,19,0,0,0,0,26,34,0,0,0,0,45,22,0,0,0,0,30,85,0,0,0,0,3,17,0,0,0,0,0,0
0,0,0,0,4,19,0,0,0,0,26,34,0,0,0,0,46,22,0,0,0,0,30,85,0,0,0,0,3,17,0,0,0,0,0,0
0,0,0,0,4,18,0,0,0,0,27,31,0,0,0,0,46,21,0,0,0,0,31,85,0,0,0,0,3,17,0,0,0,0,0,0
0,0,0,0,4,18,0,0,0,0,26,33,0,0,0,0,46,21,0,0,0,0,31,85,0,0,0,0,3,17,0,0,0,0,0,0
0,0,0,0,4,19,0,0,0,0,26,36,0,0,0,0,47,21,0,0,0,0,31,84,0,0,0,0,3,17,0,0,0,0,0,0
0,0,0,0,4,19,0,0,0,0,26,37,0,0,0,0,48,20,0,0,0,0,30,82,0,0,0,0,3,17,0,0,0,0,0,0
0,0,0,0,4,19,0,0,0,0,27,35,0,0,0,0,48,21,0,0,0,0,32,86,0,0,0,0,2,15,0,0,0,0,0,0
0,0,0,0,4,17,0,0,0,0,27,36,0,0,0,0,49,22,0,0,0,0,32,89,0,0,0,0,2,14,0,0,0,0,0,0
0,0,0,0,4,17,0,0,0,0,27,38,0,0,0,0,49,23,0,0,0,0,32,86,0,0,0,0,2,14,0,0,0,0,0,0
0,0,0,0,4,17,0,0,0,0,27,37,0,0,0,0,48,22,0,0,0,0,32,87,0,0,0,0,2,15,0,0,0,0,0,0
0,0,0,0,4,18,0,0,0,0,25,37,0,0,0,0,48,21,0,0,0,0,32,88,0,0,0,0,2,16,0,0,0,0,0,0
0,0,0,0,5,19,0,0,0,0,23,38,0,0,0,0,49,22,0,0,0,0,31,84,0,0,0,0,3,17,0,0,0,0,0,0
0,0,0,0,4,19,0,0,0,0,25,38,0,0,0,0,49,22,0,0,0,0,31,83,0,0,0,0,2,16,0,0,0,0,0,0
0,0,0,0,4,19,0,0,0,0,28,37,0,0,0,0,48,22,0,0,0,0,31,86,0,0,0,0,2,17,0,0,0,0,0,0
0,0,0,0,4,18,0,0,0,0,28,36,0,0,0,0,47,22,0,0,0,0,31,87,0,0,0,0,2,17,0,0,0,0,0,0
0,0,0,0,4,18,0,0,0,0,27,36,0,0,0,0,46,22,0,0,0,0,34,88,0,0,0,0,2,17,0,0,0,0,0,0
0,0,0,0,3,18,0,0,0,0,26,35,0,0,0,0,45,22,0,0,0,0,34,88,0,0,0,0,3,18,0,0,0,0,0,0
0,0,0,0,4,19,0,0,0,0,28,36,0,0,0,0,46,22,0,0,0,0,33,88,0,0,0,0,2,18,0,0,0,0,0,0
0,0,0,0,4,20,0,0,0,0,28,38,0,0,0,0,46,22,0,0,0,0,32,90,0,0,0,0,2,17,0,0,0,0,0,0
0,0,0,0,4,18,0,0,0,0,28,38,0,0,0,0,44,21,0,0,0,0,30,91,0,0,0,0,3,15,0,0,0,0,0,0
0,0,0,0,4,16,0,0,0,0,28,38,0,0,0,0,39,21,0,0,0,0,28,93,0,0,0,0,2,14,0,0,0,0,0,0
0,0,0,0,4,16,0,0,0,0,26,37,0,0,0,0,36,21,0,0,0,0,26,98,0,0,0,0,2,14,0,0,0,0,0,0
0,0,0,0,4,17,0,0,0,0,24,35,0,0,0,0,32,20,0,0,0,0,26,111,0,0,0,0,1,14,0,0,0,0,0,0
0,0,0,0,3,16,0,0,0,0,22,31,0,0,0,0,28,18,0,0,0,0,27,122,0,0,0,0,1,13,0,0,0,0,0,0
0,0,0,0,2,15,0,0,0,0,20,29,0,0,0,0,23,16,0,0,0,0,26,133,0,0,0,0,0,13,0,0,0,0,0,0
0,0,0,0,1,15,0,0,0,0,16,28,0,0,0,0,17,14,0,0,0,0,23,141,0,0,0,0,0,13,0,0,0,0,0,0
0,0,0,0,1,14,0,0,0,0,14,26,0,0,0,0,13,13,0,0,0,0,19,141,0,0,0,0,0,12,0,0,0,0,0,0
0,0,0,0,0,12,0,0,0,0,12,23,0,0,0,0,11,13,0,0,0,0,14,125,0,0,0,0,0,11,0,0,0,0,0,0
0,0,0,0,0,9,0,0,0,0,10,20,0,0,0,0,7,12,0,0,0,0,10,92,0,0,0,0,0,9,0,0,0,0,0,0
0,0,0,0,0,5,0,0,0,0,6,15,0,0,0,0,4,10,0,0,0,0,5,62,0,0,0,0,0,7,0,0,0,0,0,0
0,0,0,0,0,3,0,0,0,0,2,12,0,0,0,0,0,7,0,0,0,0,0,39,0,0,0,0,0,4,0,0,0,0,0,0
0,0,0,0,0,1,0,0,0,0,0,10,0,0,0,0,0,3,0,0,0,0,0,19,0,0,0,0,0,1,0,0,0,0,0,0
0,0,0,0,0,0,0,0,0,0,0,5,0,0,0,0,0,0,0,0,0,0,0,8,0,0,0,0,0,0,0,0,0,0,0,0
0,0,0,0,0,0,0,0,0,0,0,1,0,0,0,0,0,0,0,0,0,0,0,1,0,0,0,0,0,0,0,0,0,0,0,0
0,0,0,0,0,0,0,0,0,0,0,0,0,0,0,0,0,0,0,0,0,0,0,0,0,0,0,0,0,0,0,0,0,0,0,0
0,0,0,0,0,0,0,0,0,0,0,0,0,0,0,0,0,0,0,0,0,0,0,0,0,0,0,0,0,0,0,0,0,0,0,0
0,0,0,0,0,0,0,0,0,0,0,0,0,0,0,0,0,0,0,0,0,0,0,0,0,0,0,0,0,0,0,0,0,0,0,0
0,0,0,0,0,0,0,0,0,0,0,0,0,0,0,0,0,0,0,0,0,0,0,0,0,0,0,0,0,0,0,0,0,0,0,0
0,0,0,0,0,0,0,0,0,0,0,0,0,0,0,0,0,0,0,0,0,0,0,0,0,0,0,0,0,0,0,0,0,0,0,0
0,0,0,0,0,0,0,0,0,0,0,0,0,0,0,0,0,0,0,0,0,0,0,0,0,0,0,0,0,0,0,0,0,0,0,0
0,0,0,0,0,0,0,0,0,0,0,0,0,0,0,0,0,0,0,0,0,0,0,0,0,0,0,0,0,0,0,0,0,0,0,0
0,0,0,0,0,0,0,0,0,0,0,0,0,0,0,0,0,0,0,0,0,0,0,0,0,0,0,0,0,0,0,0,0,0,0,0
0,0,0,0,0,0,0,0,0,0,0,0,0,0,0,0,0,0,0,0,0,0,0,0,0,0,0,0,0,0,0,0,0,0,0,0
0,0,0,0,0,0,0,0,0,0,0,0,0,0,0,0,0,0,0,0,0,0,0,0,0,0,0,0,0,0,0,0,0,0,0,0
0,0,0,0,0,0,0,0,0,0,0,0,0,0,0,0,0,0,0,0,0,0,0,0,0,0,0,0,0,0,0,0,0,0,0,0
0,0,0,0,0,0,0,0,0,0,0,0,0,0,0,0,0,0,0,0,0,0,0,0,0,0,0,0,0,0,0,0,0,0,0,0
0,0,0,0,0,1,0,0,0,0,0,0,0,0,0,0,0,0,0,0,0,0,0,0,0,0,0,0,0,0,0,0,0,0,0,0
0,0,0,0,0,0,0,0,0,0,0,0,0,0,0,0,0,0,0,0,0,0,0,0,0,0,0,0,0,0,0,0,0,0,0,0
0,0,0,0,0,0,0,0,0,0,0,0,0,0,0,0,0,0,0,0,0,0,0,0,0,0,0,0,0,0,0,0,0,0,0,0
0,0,0,0,0,0,0,0,0,0,0,0,0,0,0,0,0,0,0,0,0,0,0,0,0,0,0,0,0,0,0,0,0,0,0,2
0,0,0,0,0,0,0,0,0,0,0,0,0,0,0,0,0,0,0,0,0,0,0,0,0,0,0,0,0,0,0,0,0,0,0,1
0,0,0,0,0,0,0,0,0,0,0,0,0,0,0,0,0,0,0,0,0,0,0,0,0,0,0,0,0,0,0,0,0,0,0,1
0,0,0,0,0,0,0,0,0,0,0,0,0,0,0,0,0,0,0,0,0,0,0,0,0,0,0,0,0,0,0,0,0,0,0,1
0,0,0,0,0,0,0,0,0,0,0,0,0,0,0,0,0,0,0,0,0,0,0,0,0,0,0,0,0,0,0,0,0,0,0,1
0,0,0,0,0,0,0,0,0,0,0,0,0,0,0,0,0,0,0,0,0,0,0,0,0,0,0,0,0,0,0,0,0,0,0,1
0,0,0,0,0,0,0,0,0,0,0,0,0,0,0,0,0,0,0,0,0,0,0,0,0,0,0,0,0,0,0,0,0,0,0,1
0,0,0,0,0,0,0,0,0,0,0,0,0,0,0,0,0,0,0,0,0,0,0,0,0,0,0,0,0,0,0,0,0,0,0,2
0,0,0,0,0,0,0,0,0,0,0,1,0,0,0,0,0,0,0,0,0,0,0,0,0,0,0,0,0,0,0,0,0,0,0,2
0,0,0,0,0,0,0,0,0,0,0,3,0,0,0,0,0,0,0,0,0,0,0,1,0,0,0,0,0,0,0,0,0,0,0,2
0,0,0,0,0,0,0,0,1,1,1,4,0,0,3,0,0,0,0,0,5,2,1,2,0,0,1,1,0,0,0,0,0,0,0,2
0,0,0,0,0,0,0,0,6,4,2,4,0,0,9,2,0,0,0,0,11,5,3,3,0,0,7,5,2,0,0,0,0,0,0,1
0,0,0,0,0,1,0,1,11,7,3,4,0,5,14,4,0,0,0,3,24,9,4,2,0,0,13,8,3,1,0,0,0,0,0,0
0,0,0,0,0,1,0,3,14,8,4,4,0,10,19,5,0,0,0,7,42,11,4,2,0,1,19,9,4,2,0,0,0,0,0,0
0,0,0,0,0,1,0,5,17,7,4,5,0,11,22,5,0,0,0,9,49,11,4,3,0,2,22,10,5,2,0,0,0,0,0,0
0,0,0,0,0,1,0,6,20,8,4,6,0,13,24,5,0,0,0,10,50,11,4,3,0,3,25,11,4,2,0,0,0,0,0,0
0,0,0,0,0,1,0,7,23,10,5,6,0,14,26,5,0,0,0,10,45,11,4,4,0,3,28,12,5,3,0,0,0,0,0,0
0,0,0,0,0,1,0,6,25,10,6,7,0,14,28,6,0,0,0,10,39,11,5,5,0,3,29,13,6,4,0,0,0,0,0,0
0,0,0,0,0,1,0,6,25,10,7,8,0,14,28,6,0,0,0,11,37,12,5,5,0,3,29,13,6,4,0,0,0,0,0,0
0,0,0,0,0,1,0,6,25,11,7,8,0,14,27,6,0,0,0,11,37,12,5,5,0,3,29,14,6,5,0,0,0,0,0,0
0,0,0,0,0,3,0,5,24,11,7,8,0,15,27,7,0,0,0,12,36,13,5,6,0,3,29,14,7,6,0,0,0,0,0,0
0,0,0,0,0,4,0,4,23,11,7,9,0,14,28,7,0,0,0,11,34,13,6,6,0,2,28,14,8,7,0,0,0,0,0,0
0,0,0,0,0,5,0,3,22,12,7,9,0,13,28,7,0,0,0,10,32,13,5,6,0,2,27,14,8,7,0,0,0,0,0,0
0,0,0,0,1,6,0,3,22,12,7,9,0,12,28,8,0,0,0,10,30,14,5,5,0,2,30,14,8,8,0,0,0,0,0,0
0,0,0,0,1,8,0,3,22,12,7,9,0,12,27,8,0,0,0,10,31,14,4,4,0,1,30,14,8,8,0,0,0,0,0,0
0,0,0,0,1,8,0,3,23,12,7,10,0,12,27,8,0,0,0,10,32,14,4,4,0,0,27,15,8,8,0,0,0,0,0,0
0,0,0,0,2,9,0,2,24,12,7,10,0,12,27,8,0,0,0,9,33,14,4,4,0,0,26,16,8,8,0,0,0,0,0,0
0,0,0,0,1,9,0,2,25,13,7,10,0,12,27,8,0,0,0,9,33,14,4,4,0,0,25,17,8,9,0,0,0,0,0,0
0,0,0,0,1,9,0,2,26,13,7,10,0,12,28,9,0,0,0,9,34,15,4,5,0,0,24,17,8,9,0,0,0,0,0,0
0,0,0,0,2,9,0,2,26,13,7,10,0,12,29,9,0,0,0,9,34,15,4,5,0,0,25,17,8,9,0,0,0,0,0,0
0,0,0,0,1,9,0,2,27,13,7,10,0,11,29,9,0,0,0,9,33,15,5,5,0,0,26,17,8,9,0,0,0,0,0,0
0,0,0,0,1,10,0,2,26,13,7,10,0,11,29,9,0,0,0,9,33,16,5,5,0,0,26,19,9,10,0,0,0,0,0,0
0,0,0,0,2,10,0,2,26,13,7,11,0,12,29,10,0,0,0,9,33,16,5,5,0,0,26,20,9,10,0,0,0,0,0,0
0,0,0,0,2,10,0,3,27,13,7,11,0,12,29,10,0,0,0,9,34,17,5,5,0,0,24,18,9,9,0,0,0,0,0,0
0,0,0,0,2,10,0,3,28,13,7,11,0,12,30,10,0,0,0,9,35,18,5,5,0,0,23,18,9,9,0,0,0,0,0,0
0,0,0,0,2,10,0,3,28,13,7,11,0,12,32,10,0,0,0,9,35,18,5,5,0,0,24,19,9,9,0,0,0,0,0,0
0,0,0,0,2,11,0,3,28,13,7,10,0,12,31,10,0,0,0,9,34,18,5,5,0,0,25,18,9,9,0,0,0,0,0,0
0,0,0,0,2,11,0,3,27,14,7,11,0,12,30,10,0,0,0,10,34,18,5,5,0,0,27,19,9,9,0,0,0,0,0,0
0,0,0,0,2,12,0,2,26,14,8,11,0,12,31,10,0,0,0,9,34,18,5,5,0,0,29,20,9,9,0,0,0,0,0,0
0,0,0,0,2,12,0,2,26,14,8,11,0,12,31,10,0,0,0,9,35,17,5,5,0,0,29,20,9,10,0,0,0,0,0,0
0,0,0,0,2,12,0,2,27,14,8,11,0,12,31,10,1,0,0,10,35,18,5,5,0,0,30,20,9,10,0,0,0,0,0,0
0,0,0,0,3,12,0,3,27,14,8,11,0,12,32,11,1,0,0,10,36,18,5,5,0,1,31,19,9,9,0,0,0,0,0,0
0,0,0,1,2,12,0,3,27,14,8,11,0,13,33,11,0,0,0,10,36,19,5,5,0,1,31,19,9,9,0,0,0,0,0,0
0,0,0,1,2,12,0,3,28,14,8,11,0,13,33,11,0,0,0,10,36,19,5,5,0,1,31,21,10,10,0,0,0,0,0,0
0,0,0,0,2,12,0,3,27,14,8,12,0,14,33,11,0,0,0,11,37,20,5,5,0,1,31,21,10,10,0,0,0,0,0,0
0,0,0,1,3,12,0,3,28,14,8,12,0,14,34,11,0,0,0,11,37,20,6,5,0,2,31,21,10,10,0,0,0,0,0,0
0,0,0,1,3,12,0,3,28,14,8,12,0,13,34,12,0,0,0,11,38,21,6,6,0,2,31,21,10,10,0,0,0,0,0,0
0,0,0,1,3,13,0,3,28,14,8,12,0,14,34,11,0,0,0,11,38,20,6,6,0,2,31,21,10,10,0,0,0,0,0,0
0,0,0,1,3,13,0,3,28,14,8,12,0,14,34,11,1,0,0,11,38,20,6,6,0,2,32,21,10,10,0,0,0,0,0,0
0,0,1,1,2,13,0,3,28,14,8,12,0,14,35,11,0,0,0,11,39,21,5,6,0,2,32,22,10,10,0,0,0,0,0,0
0,0,0,1,3,13,0,3,29,15,8,12,0,14,34,11,1,0,0,11,39,20,6,6,0,2,32,22,10,10,0,0,0,0,0,0
0,0,0,1,3,13,0,3,28,14,8,12,0,14,34,11,1,0,0,11,38,20,6,6,0,2,32,21,10,10,0,0,0,0,0,0
0,0,0,1,3,13,0,3,29,15,8,12,0,14,34,11,1,0,0,11,38,20,6,6,0,2,32,21,10,10,0,0,0,0,0,0
0,0,1,1,2,12,0,3,30,15,8,12,0,14,34,11,1,0,0,11,39,21,6,6,0,2,33,21,10,10,0,0,0,0,0,0
0,0,0,1,2,13,0,3,29,15,8,12,0,14,34,11,1,0,0,11,40,21,6,6,0,2,31,20,10,10,0,0,0,0,0,0
0,0,0,1,3,13,0,3,29,15,8,12,0,14,34,11,1,0,0,11,40,21,6,5,0,2,31,22,10,10,0,0,0,0,0,0
0,0,0,1,3,13,0,3,29,14,8,12,0,14,34,11,1,0,0,11,39,20,6,5,0,2,32,22,10,10,0,0,0,0,0,0
0,0,0,1,3,13,0,3,29,14,8,12,0,14,34,11,0,0,0,11,39,20,6,6,0,2,31,20,9,10,0,0,0,0,0,0
0,0,0,1,3,13,0,3,29,14,8,12,0,15,35,11,0,0,0,12,40,21,6,6,0,2,32,20,10,11,0,0,0,0,0,0
0,0,0,1,2,13,0,3,29,14,8,12,0,16,35,11,0,0,0,12,40,20,6,6,0,2,33,21,10,10,0,0,0,0,0,0
0,0,0,1,2,13,0,3,29,14,8,12,0,16,36,11,0,0,0,12,40,20,6,6,0,2,35,22,10,10,0,0,0,0,0,0
0,0,0,1,2,13,0,3,29,14,8,12,0,16,36,12,0,0,0,12,40,21,6,6,0,2,35,22,10,10,0,0,0,0,0,0
0,0,0,1,3,13,0,3,29,15,8,12,0,14,35,11,1,0,0,11,38,20,6,6,0,1,33,21,10,10,0,0,0,0,0,0
0,0,0,1,3,13,0,3,27,14,8,12,0,14,35,11,1,0,0,11,38,20,6,6,0,1,34,21,10,10,0,0,0,0,0,0
0,0,0,1,3,13,0,3,27,14,8,12,0,14,37,11,1,0,0,11,39,20,6,5,0,2,35,22,10,10,0,0,0,0,0,0
0,0,0,1,3,13,0,3,28,15,8,12,0,15,37,11,1,0,0,12,40,20,6,5,0,2,35,22,10,11,0,0,0,0,0,0
0,0,0,1,3,13,0,3,28,15,8,12,0,15,37,11,1,0,0,12,40,20,6,6,0,2,35,22,10,11,0,0,0,0,0,0
0,0,0,0,3,13,0,3,29,15,8,12,0,16,37,12,0,0,0,12,40,20,6,6,0,2,35,22,10,11,0,0,0,0,0,0
0,0,0,0,3,13,0,3,28,14,8,13,0,16,37,12,1,0,0,12,40,21,6,6,0,2,35,22,10,11,0,0,0,0,0,0
0,0,0,1,2,13,0,3,29,14,8,12,0,16,37,12,1,0,0,13,41,21,6,6,0,2,34,21,10,11,0,0,0,0,0,0
0,0,0,1,2,13,0,3,29,14,8,12,0,16,37,12,0,0,0,13,41,20,6,6,0,2,34,20,11,10,0,0,0,0,0,0
0,0,1,1,2,12,0,3,29,14,8,12,0,14,37,11,1,0,0,12,40,20,6,6,0,2,36,20,11,10,0,0,0,0,0,0
0,0,0,1,2,11,0,3,30,16,8,12,0,12,35,11,1,0,0,10,38,21,6,6,0,1,35,19,10,10,0,0,0,0,0,0
0,0,0,0,2,10,0,3,29,16,8,12,0,12,33,12,1,0,0,9,36,22,7,6,0,0,32,22,10,10,0,0,0,0,0,0
0,0,0,1,2,10,0,3,30,15,9,12,0,13,34,12,0,0,0,9,36,22,6,6,0,0,32,23,10,10,0,0,0,0,0,0
0,0,0,0,2,11,0,3,30,16,9,12,0,13,35,12,1,0,0,10,36,22,6,6,0,0,35,21,11,11,0,0,0,0,0,0
0,0,0,0,2,11,0,3,30,16,8,12,0,14,37,12,1,0,0,10,37,22,7,6,0,0,37,22,10,11,0,0,0,0,0,0
0,0,0,1,2,12,0,3,30,16,9,12,0,14,37,12,1,0,0,10,37,21,7,6,0,1,36,23,10,10,0,0,0,0,0,0
0,0,0,1,3,12,0,3,30,16,9,13,0,14,35,12,1,0,0,10,37,21,7,7,0,0,34,22,10,10,0,0,0,0,0,0
0,0,0,1,2,12,0,3,30,16,9,13,0,13,35,12,1,0,0,10,37,21,7,6,0,0,33,21,10,10,0,0,0,0,0,0
0,0,0,1,3,13,0,3,30,16,9,13,0,13,34,12,1,0,0,10,39,21,7,6,0,0,33,21,10,11,0,0,0,0,0,0
0,0,0,1,3,13,0,3,30,16,9,13,0,12,35,12,1,0,0,9,39,21,7,6,0,0,33,22,10,11,0,0,0,0,0,0
0,0,0,0,3,13,0,2,29,16,9,13,0,12,36,12,1,0,0,10,39,22,7,7,0,0,35,22,11,11,0,0,0,0,0,0
0,0,0,0,3,13,0,2,27,17,9,13,0,13,37,12,1,0,0,10,41,22,7,7,0,1,36,22,11,11,0,0,0,0,0,0
0,0,0,0,2,13,0,2,26,18,9,13,0,13,36,12,1,0,0,10,42,23,7,6,0,1,36,22,11,11,0,0,0,0,0,0
0,0,0,0,2,12,0,2,26,17,9,12,0,13,35,12,1,0,0,11,42,23,7,6,0,1,34,22,11,11,0,0,0,0,0,0
0,0,0,0,3,13,0,2,27,18,9,12,0,13,34,11,1,0,0,11,42,23,7,7,0,1,34,22,11,12,0,0,0,0,0,0
0,0,0,0,3,13,0,2,28,18,9,12,0,13,34,11,1,0,0,10,42,23,7,7,0,0,35,22,11,12,0,0,0,0,0,0
0,0,0,0,3,13,0,2,29,17,9,13,0,13,33,11,0,0,0,10,42,23,7,6,0,0,33,22,11,11,0,0,0,0,0,0
0,0,0,1,3,13,0,2,28,17,9,12,0,13,33,12,1,0,0,10,42,22,7,7,0,0,33,22,11,11,0,0,0,0,0,0
0,0,0,1,3,13,0,3,29,18,9,13,0,14,35,12,1,0,0,10,42,21,7,7,0,0,32,22,11,11,0,0,0,0,0,0
0,0,0,1,4,13,0,3,30,18,9,13,0,14,36,12,1,0,0,11,43,21,7,7,0,0,32,22,11,10,0,0,0,0,0,0
0,0,0,1,3,13,0,3,29,18,10,13,0,16,35,12,1,0,0,11,45,22,7,7,0,1,32,21,11,11,0,0,0,0,0,0
0,0,0,1,3,12,0,3,30,19,10,12,0,16,36,12,1,0,0,11,45,22,7,7,0,1,30,20,11,12,0,0,0,0,0,0
0,0,0,1,3,11,0,3,31,19,10,12,0,16,35,12,1,0,0,11,44,22,7,7,0,1,31,21,11,12,0,0,0,0,0,0
0,0,0,0,2,11,0,2,29,17,9,13,0,15,35,12,1,0,0,12,44,21,8,8,0,1,34,22,11,12,0,0,0,0,0,0
0,0,0,0,3,11,0,2,28,17,9,13,0,14,38,13,1,0,0,12,45,22,7,7,0,1,35,22,11,11,0,0,0,0,0,0
0,0,0,0,2,10,0,3,30,17,9,13,0,15,40,13,1,0,0,12,47,22,7,7,0,2,33,21,11,11,0,0,0,0,0,0
0,0,0,0,2,10,0,3,32,17,9,13,0,16,40,13,1,0,0,13,47,23,7,7,0,2,32,20,10,11,0,0,0,0,0,0
0,0,0,0,2,11,0,4,32,17,10,13,0,18,41,13,1,0,0,13,48,23,7,8,0,2,33,22,10,10,0,0,0,0,0,0
0,0,0,0,3,11,0,4,32,17,10,13,0,18,41,13,1,0,0,13,47,23,8,8,0,3,35,22,11,11,0,0,0,0,0,0
0,0,0,0,2,10,0,4,32,18,10,13,0,17,39,13,1,0,0,13,45,22,8,8,0,3,36,23,11,11,0,0,0,0,0,0
0,0,0,0,2,10,0,3,32,18,9,13,0,15,37,13,1,0,0,12,41,22,8,8,0,2,36,23,11,12,0,0,0,0,0,0
0,0,0,1,2,10,0,3,35,19,9,13,0,14,37,13,1,0,0,12,40,22,7,7,0,2,35,22,11,12,0,0,0,0,0,0
0,0,0,1,3,11,0,3,34,18,9,13,0,14,38,13,1,0,0,12,41,22,7,7,0,2,37,22,12,11,0,0,0,0,0,0
0,0,0,0,3,12,0,3,32,19,9,13,0,15,39,13,1,0,0,13,42,23,7,7,0,2,36,22,12,11,0,0,0,0,0,0
0,0,0,1,3,12,0,4,35,20,9,12,0,14,40,13,1,0,0,13,43,22,7,7,0,2,34,22,11,11,0,0,0,0,0,0
0,0,0,1,3,12,0,4,34,18,9,12,0,15,40,13,1,0,0,13,43,21,8,8,0,2,33,20,10,11,0,0,0,0,0,0
0,0,0,1,3,12,0,5,34,17,9,14,0,17,40,13,1,0,0,13,45,21,7,7,0,3,33,18,10,11,0,0,0,0,0,0
0,0,0,1,3,12,0,5,35,18,9,13,0,19,39,12,1,0,0,14,45,20,7,7,0,4,34,16,9,11,0,0,0,0,0,0
0,0,0,1,3,11,0,5,35,18,9,13,0,20,41,13,1,0,0,15,45,18,7,7,0,4,33,15,9,11,0,0,0,0,0,0
0,0,0,0,3,11,0,4,35,18,9,14,0,21,42,12,1,0,0,15,43,18,6,7,0,3,29,14,9,10,0,0,0,0,0,0
0,0,0,1,2,10,0,4,34,18,9,14,0,21,43,12,1,0,0,15,42,18,6,7,0,3,27,14,8,9,0,0,0,0,0,0
0,0,0,1,1,9,0,4,34,19,8,13,0,19,43,11,1,0,0,14,41,19,6,7,0,2,28,15,8,10,0,0,0,0,0,0
0,0,0,1,1,8,0,3,33,19,8,12,0,16,43,11,1,0,0,13,40,19,6,7,0,2,26,14,8,10,0,0,0,0,0,0
0,0,0,0,1,8,0,3,34,19,8,12,0,16,45,12,1,0,0,13,40,18,5,6,0,2,23,14,8,10,0,0,0,0,0,0
0,0,0,0,2,8,0,3,34,18,8,13,0,17,46,12,1,0,0,13,40,18,6,6,0,2,22,14,8,10,0,0,0,0,0,0
0,0,0,1,2,9,0,3,38,19,9,13,0,17,46,13,1,0,0,12,39,18,6,6,0,2,23,14,9,10,0,0,0,0,0,0
0,0,0,1,2,10,0,3,38,20,8,13,0,17,45,13,1,0,0,12,36,18,6,7,0,2,25,14,9,10,0,0,0,0,0,0
0,0,0,0,2,10,0,3,35,19,8,13,0,15,44,13,1,0,0,12,35,18,6,7,0,2,25,14,9,10,0,0,0,0,0,0
0,0,0,1,3,11,0,3,35,18,9,13,0,14,44,13,1,0,0,12,35,18,6,7,0,2,26,16,9,10,0,0,0,0,0,0
0,0,0,1,3,12,0,3,35,16,9,13,0,15,46,13,1,0,0,12,37,19,6,7,0,1,26,18,9,10,0,0,0,0,0,0
0,0,0,1,4,12,0,3,36,18,9,13,0,16,47,13,0,0,0,12,38,20,6,7,0,1,27,15,9,10,0,0,0,0,0,0
0,0,0,1,3,13,0,3,40,20,10,14,0,17,44,13,0,0,0,12,37,20,6,7,0,2,28,17,9,10,0,0,0,0,0,0
0,0,0,1,3,13,0,4,40,21,10,13,0,16,41,13,1,0,0,11,35,19,6,7,0,1,28,17,9,10,0,0,0,0,0,0
0,0,0,1,3,13,0,4,35,19,9,13,0,16,42,13,1,0,0,11,35,20,7,7,0,1,26,16,9,10,0,0,0,0,0,0
0,0,0,1,4,13,0,4,35,19,10,14,0,16,42,13,0,0,0,11,34,20,7,7,0,1,26,17,10,10,0,0,0,0,0,0
0,0,0,1,4,13,0,4,36,19,10,13,0,14,42,13,0,0,0,11,34,21,7,7,0,1,27,18,9,10,0,0,0,0,0,0
0,0,0,1,4,13,0,3,35,19,10,13,0,13,43,14,1,0,0,10,34,21,7,7,0,1,27,19,10,10,0,0,0,0,0,0
0,0,0,1,4,13,0,3,35,18,10,13,0,12,44,14,1,0,0,11,35,21,7,8,0,1,26,19,10,11,0,0,0,0,0,0
0,0,0,1,4,13,0,3,35,18,10,13,0,13,45,14,0,0,0,11,36,21,7,8,0,1,27,20,10,11,0,0,0,0,0,0
0,0,0,1,4,13,0,3,35,18,10,14,0,13,44,14,1,0,0,12,36,22,8,8,0,1,28,20,10,11,0,0,0,0,0,0
0,0,0,1,4,13,0,3,35,18,10,14,0,13,42,14,1,0,0,12,37,22,7,8,0,1,29,22,10,11,0,0,0,0,0,0
0,0,0,1,4,13,0,2,36,19,10,14,0,12,40,14,1,0,0,10,37,22,7,8,0,0,29,22,10,11,0,0,0,0,0,0
0,0,1,1,4,13,0,2,36,20,10,14,0,11,38,14,1,0,0,9,36,21,7,8,0,0,28,20,10,11,0,0,0,0,0,0
0,0,0,1,4,13,0,1,36,20,10,13,0,10,37,14,1,0,0,8,37,21,7,7,0,0,28,20,11,11,0,0,0,0,0,0
0,0,0,2,4,13,0,1,36,20,10,13,0,10,37,14,1,0,0,8,37,22,7,7,0,0,28,20,10,11,0,0,0,0,0,0
0,0,0,1,3,12,0,1,36,20,9,13,0,10,36,14,1,0,0,8,37,22,8,8,0,0,29,21,11,11,0,0,0,0,0,0
0,0,0,1,3,12,0,1,36,20,9,13,0,10,35,14,1,0,0,8,37,22,8,7,0,0,30,21,11,12,0,0,0,0,0,0
0,0,0,1,3,12,0,1,36,20,10,14,0,11,35,14,1,0,0,9,38,22,7,7,0,0,29,21,11,12,0,0,0,0,0,0
0,0,0,1,4,12,0,1,37,20,10,14,0,11,35,14,1,0,0,9,40,23,7,7,0,0,29,21,11,11,0,0,0,0,0,0
0,0,0,1,3,11,0,2,36,20,10,13,0,12,36,15,1,0,0,10,41,23,7,7,0,0,30,21,11,11,0,0,0,0,0,0
0,0,0,1,3,11,0,2,37,20,10,13,0,12,36,14,1,0,0,10,41,22,7,7,0,0,31,21,11,12,0,0,0,0,0,0
0,0,0,1,4,12,0,2,37,20,10,13,0,13,37,14,1,0,0,10,41,22,8,7,0,0,32,22,11,12,0,0,0,0,0,0
0,0,0,1,4,12,0,3,37,20,10,13,0,13,37,14,1,0,0,10,42,22,7,7,0,1,33,22,11,12,0,0,0,0,0,0
0,0,1,1,3,13,0,3,37,21,10,13,0,14,37,14,1,0,0,11,43,22,7,7,0,1,33,22,11,12,0,0,0,0,0,0
0,0,0,1,3,13,0,3,34,19,10,13,0,14,37,14,1,0,0,11,43,22,8,8,0,1,33,22,11,12,0,0,0,0,0,0
0,0,0,2,4,14,0,3,31,19,10,14,0,14,35,13,0,0,0,11,43,23,8,8,0,1,33,23,11,12,0,0,0,0,0,0
0,0,0,2,4,14,0,3,30,18,10,14,0,14,36,14,1,0,0,11,44,24,8,8,0,1,34,23,11,12,0,0,0,0,0,0
0,0,0,1,4,14,0,3,30,16,10,14,0,14,37,13,1,0,0,11,44,23,8,8,0,1,34,23,11,12,0,0,0,0,0,0
0,0,0,1,4,14,0,3,30,16,10,14,0,15,38,13,1,0,0,12,44,24,8,8,0,1,35,22,11,12,0,0,0,0,0,0
0,0,1,1,4,14,0,3,32,17,10,14,0,16,38,13,1,0,0,12,44,24,8,8,0,2,35,22,11,12,0,0,0,0,0,0
0,0,0,1,4,14,0,4,33,17,10,14,0,17,38,13,1,0,0,12,45,24,8,8,0,2,33,22,11,12,0,0,0,0,0,0
0,0,0,1,4,14,0,4,34,18,10,14,0,18,40,14,1,0,0,13,45,23,7,8,0,1,31,22,11,12,0,0,0,0,0,0
0,0,0,1,4,14,0,4,34,18,10,14,0,18,40,14,1,0,0,13,46,23,8,8,0,1,31,22,11,12,0,0,0,0,0,0
0,0,0,1,4,14,0,4,35,18,10,14,0,18,40,14,1,0,0,13,47,23,8,8,0,1,30,23,11,12,0,0,0,0,0,0
0,0,0,1,4,14,0,4,35,19,10,15,0,18,40,14,1,0,0,12,46,24,8,8,0,1,29,23,11,12,0,0,0,0,0,0
0,0,1,1,4,14,0,3,35,19,10,15,0,16,40,14,1,0,0,11,45,23,8,8,0,0,28,23,11,12,0,0,0,0,0,0
0,0,1,1,4,14,0,2,34,19,10,14,0,13,38,14,1,0,0,9,44,22,8,8,0,0,27,22,11,12,0,0,0,0,0,0
0,0,0,1,4,14,0,1,32,18,10,14,0,12,37,15,1,0,0,9,45,21,7,8,0,0,27,22,11,12,0,0,0,0,0,0
0,0,0,1,4,13,0,1,32,19,10,14,0,12,36,16,1,0,0,9,45,21,7,8,0,0,30,22,10,11,0,0,0,0,0,0
0,0,0,1,4,13,0,2,35,21,10,14,0,12,36,16,1,0,0,9,46,22,8,8,0,0,30,22,10,11,0,0,0,0,0,0
0,0,0,1,5,13,0,2,36,22,10,14,0,12,35,15,1,0,0,9,47,23,8,8,0,0,32,22,10,11,0,0,0,0,0,0
0,0,1,2,5,13,0,3,35,21,10,14,0,13,34,16,1,0,0,10,47,24,8,8,0,1,33,22,10,11,0,0,0,0,0,0
0,0,0,1,5,14,0,3,33,21,10,14,0,13,34,16,1,0,0,10,47,24,8,8,0,0,33,22,10,11,0,0,0,0,0,0
0,0,0,1,5,14,0,2,30,20,10,14,0,13,32,16,1,0,0,10,47,24,8,8,0,0,34,23,11,12,0,0,0,0,0,0
0,0,0,1,5,13,0,2,28,19,11,14,0,14,30,14,1,0,0,10,46,24,8,8,0,1,35,24,11,11,0,0,0,0,0,0
0,0,0,1,5,14,0,2,26,18,10,14,0,14,28,13,1,0,0,10,46,24,8,8,0,1,35,24,11,11,0,0,0,0,0,0
0,0,1,1,4,14,0,3,26,16,10,14,0,14,29,13,1,0,0,11,47,26,8,8,0,1,35,24,11,12,0,0,0,0,0,0
0,0,1,1,4,14,0,3,27,16,9,14,0,16,30,13,1,0,0,12,47,26,8,8,0,1,34,24,11,12,0,0,0,0,0,0
0,0,0,1,3,13,0,3,26,15,8,13,0,17,32,13,1,0,0,12,47,25,8,8,0,2,34,23,12,12,0,0,0,0,0,0
0,0,0,1,3,12,0,3,24,14,7,12,0,16,33,13,1,0,0,12,47,25,8,8,0,2,34,23,12,12,0,0,0,0,0,0
0,0,0,0,3,11,0,3,23,14,7,11,0,18,35,13,1,0,0,13,47,25,8,8,0,2,34,24,12,12,0,0,0,0,0,0
0,0,0,0,3,10,0,3,24,14,7,11,0,19,36,14,1,0,0,13,48,25,8,8,0,2,35,24,12,12,0,0,0,0,0,0
0,0,0,0,3,10,0,3,26,14,7,12,0,19,37,14,1,0,0,13,48,25,8,8,0,2,35,24,12,12,0,0,0,0,0,0
0,0,0,1,3,11,0,3,26,14,8,12,0,20,37,14,1,0,0,14,49,25,8,8,0,2,35,23,11,12,0,0,0,0,0,0
0,0,0,1,3,11,0,3,27,15,8,12,0,20,38,14,1,0,0,14,50,26,8,8,0,3,37,23,12,12,0,0,0,0,0,0
0,0,0,1,3,12,0,3,28,17,8,12,0,20,38,14,1,1,0,14,51,26,8,8,0,3,37,24,11,12,0,0,0,0,0,0
0,0,0,1,4,12,0,3,29,18,8,13,0,20,39,15,1,0,0,14,51,26,8,8,0,2,37,23,11,12,0,0,0,0,0,0
0,0,0,1,4,13,0,4,29,19,9,13,0,20,39,15,1,0,0,14,50,26,8,8,0,2,37,24,11,12,0,0,0,0,0,0
0,0,0,1,5,13,0,3,29,19,9,14,0,20,38,15,1,0,0,14,50,26,8,8,0,3,37,23,11,12,0,0,0,0,0,0
0,0,0,1,5,14,0,3,29,19,10,14,0,21,38,15,1,0,0,14,51,27,8,8,0,3,38,24,11,12,0,0,0,0,0,0
0,0,0,1,4,14,0,4,30,20,9,14,0,21,39,15,1,0,0,14,52,27,8,8,0,3,39,25,11,12,0,0,0,0,0,0
0,0,0,1,5,14,0,4,30,20,10,14,0,22,39,15,1,0,0,14,52,28,8,8,0,3,39,25,12,12,0,0,0,0,0,0
0,0,0,1,5,14,0,4,30,20,10,14,0,22,40,15,1,0,0,15,51,28,8,8,0,3,39,25,12,13,0,0,0,0,0,0
0,0,0,2,4,14,0,4,31,21,10,14,0,21,39,15,1,0,0,14,50,28,8,8,0,3,39,26,12,13,0,0,0,0,0,0
0,0,0,2,4,14,0,3,31,20,10,14,0,20,38,15,2,0,0,14,50,28,8,8,0,3,39,26,12,13,0,0,0,0,0,0
0,0,0,2,4,14,0,3,31,19,10,14,0,21,38,15,2,0,0,14,51,28,8,8,0,2,39,25,12,13,0,0,0,0,0,0
0,0,1,2,4,14,0,4,31,20,9,14,0,21,39,15,2,0,0,14,51,28,8,8,0,2,39,25,12,13,0,0,0,0,0,0
0,0,1,2,4,14,0,4,32,20,10,14,0,22,40,15,2,1,0,15,51,27,8,8,0,3,39,26,12,13,0,0,0,0,0,0
0,0,1,2,4,14,0,4,32,19,10,14,0,23,41,15,2,1,0,17,52,27,8,9,0,3,38,25,12,12,0,0,0,0,0,0
0,0,1,2,4,15,0,4,31,20,10,14,0,23,41,16,1,0,0,17,52,29,8,9,0,3,38,25,12,12,0,0,0,0,0,0
0,0,0,2,5,16,0,4,31,21,10,14,0,24,42,17,1,0,0,17,52,28,8,8,0,3,39,25,12,13,0,0,0,0,0,0
0,0,0,2,5,15,0,4,32,22,10,14,0,23,42,16,1,0,0,15,52,27,8,8,0,2,39,26,12,12,0,0,0,0,0,0
0,0,0,1,5,14,0,3,32,22,10,14,0,22,42,16,1,0,0,15,53,26,8,8,0,2,38,27,12,12,0,0,0,0,0,0
0,0,0,1,4,13,0,3,32,22,10,14,0,22,41,16,1,0,0,15,53,26,8,8,0,2,37,26,12,12,0,0,0,0,0,0
0,0,0,1,4,12,0,4,32,21,10,14,0,22,42,16,1,0,0,14,52,25,8,8,0,2,37,26,12,13,0,0,0,0,0,0
0,0,1,1,4,12,0,4,32,21,10,14,0,21,42,16,1,0,0,14,52,26,8,9,0,2,38,27,12,13,0,0,0,0,0,0
0,0,1,1,4,11,0,3,31,21,10,14,0,21,42,16,1,0,0,14,53,26,8,8,0,2,39,27,13,13,0,0,0,0,0,0
0,0,0,1,4,12,0,3,32,21,10,14,0,20,41,16,1,0,0,14,52,25,8,8,0,2,38,26,12,13,0,0,0,0,0,0
0,0,0,1,5,13,0,4,32,22,10,14,0,18,41,16,2,0,0,12,52,26,8,7,0,2,37,25,12,12,0,0,0,0,0,0
0,0,0,1,5,14,0,3,33,22,10,14,0,16,42,17,1,0,0,11,53,27,7,7,0,2,37,25,12,12,0,0,0,0,0,0
0,0,1,2,5,15,0,3,33,23,10,14,0,16,43,18,1,0,0,11,54,27,7,7,0,1,37,25,12,12,0,0,0,0,0,0
0,0,1,2,5,15,0,4,33,24,10,14,0,17,41,17,2,1,0,11,53,27,7,7,0,2,37,24,12,12,0,0,0,0,0,0
0,0,1,1,5,16,0,4,34,23,10,14,0,18,41,17,2,0,0,12,53,26,8,7,0,2,38,24,12,13,0,0,0,0,0,0
0,0,1,1,5,15,0,4,34,23,10,14,0,20,42,17,2,0,0,13,54,27,8,7,0,2,39,24,12,12,0,0,0,0,0,0
0,0,1,1,5,15,0,4,34,23,10,14,0,19,42,16,2,0,0,14,54,27,7,7,0,3,40,25,12,12,0,0,0,0,0,0
0,0,0,1,4,16,0,4,34,22,10,14,0,18,42,16,1,0,0,13,52,27,7,8,0,3,41,25,12,13,0,0,0,0,0,0
0,0,0,1,5,16,0,4,35,22,10,14,0,17,40,15,1,0,0,13,52,27,8,8,0,3,41,25,12,13,0,0,0,0,0,0
0,0,1,1,5,16,0,4,35,22,10,14,0,18,40,16,1,0,0,14,52,27,8,7,0,3,40,25,12,13,0,0,0,0,0,0
0,0,0,2,5,16,0,3,35,22,10,14,0,19,41,17,1,0,0,14,52,27,7,7,0,2,40,26,12,13,0,0,0,0,0,0
0,0,0,1,5,15,0,4,36,22,10,14,0,20,42,17,1,0,0,14,52,27,7,7,0,3,41,27,13,13,0,0,0,0,0,0
0,0,1,1,5,15,0,4,37,23,10,14,0,21,41,17,1,0,0,14,53,27,7,7,0,3,42,26,12,13,0,0,0,0,0,0
0,0,1,2,5,16,0,4,37,23,10,14,0,21,41,17,2,1,0,14,52,27,7,7,0,3,42,26,12,13,0,0,0,0,0,0
0,0,1,2,5,15,0,4,37,24,10,14,0,22,42,17,2,0,0,14,53,27,7,7,0,3,42,26,12,12,0,0,0,0,0,0
0,0,1,2,5,15,0,4,38,25,10,14,0,22,42,17,2,0,0,15,54,28,7,7,0,3,42,26,12,12,0,0,0,0,0,0
0,0,1,2,6,15,0,4,38,25,11,15,0,22,42,17,2,1,0,15,53,27,8,7,0,3,41,26,12,12,0,0,0,0,0,0
0,0,1,2,6,15,0,4,37,24,11,15,0,23,42,17,2,1,0,16,53,27,7,7,0,3,41,26,12,12,0,0,0,0,0,0
0,0,1,2,5,15,0,4,37,24,11,15,0,23,42,18,2,0,0,16,53,27,8,7,0,3,42,27,12,12,0,0,0,0,0,0
0,0,1,2,5,15,0,4,37,25,11,15,0,24,43,18,2,0,0,17,54,27,8,7,0,4,42,26,12,12,0,0,0,0,0,0
0,0,1,2,5,16,0,4,37,25,11,16,0,24,43,18,2,1,0,17,54,28,8,7,0,3,42,26,12,12,0,0,0,0,0,0
0,0,1,2,5,16,0,4,37,25,11,16,0,24,42,18,2,1,0,16,54,28,8,7,0,3,42,26,12,12,0,0,0,0,0,0
0,0,1,2,6,17,0,4,37,25,11,16,0,24,43,18,2,1,0,16,55,28,8,7,0,3,42,26,12,12,0,0,0,0,0,0
0,0,1,2,6,19,0,4,37,25,11,16,0,24,43,18,2,1,0,17,54,27,8,8,0,3,42,26,12,12,0,0,0,0,0,0
0,0,1,2,6,18,0,4,37,25,11,16,0,25,44,19,2,1,0,17,55,28,8,8,0,3,42,26,12,12,0,0,0,0,0,0
0,0,1,2,6,19,0,4,37,26,11,16,0,27,42,18,1,0,0,18,55,29,8,7,0,3,42,26,12,12,0,0,0,0,0,0
0,0,1,2,6,20,0,4,36,26,11,16,0,27,42,19,2,1,0,18,54,29,8,7,0,3,42,27,13,13,0,0,0,0,0,0
0,0,1,2,6,19,0,4,37,24,11,16,0,25,45,21,2,0,0,18,54,29,8,7,0,4,43,27,12,13,0,0,0,0,0,0
0,0,1,2,6,19,0,4,38,25,11,16,0,24,47,20,2,1,0,18,54,29,8,8,0,4,43,27,12,12,0,0,0,0,0,0
0,0,1,2,6,20,0,4,37,25,11,17,0,25,45,19,2,1,0,18,54,28,8,8,0,4,42,27,12,12,0,0,0,0,0,0
0,0,1,2,6,19,0,5,38,26,11,16,0,25,43,19,2,1,0,18,55,29,8,7,0,3,42,26,12,13,0,0,0,0,0,0
0,0,1,2,6,19,0,5,39,26,11,16,0,25,43,20,2,1,0,19,55,29,8,7,0,3,42,26,12,13,0,0,0,0,0,0
0,0,1,2,6,20,0,5,39,27,11,16,0,26,43,20,2,1,0,19,55,29,8,7,0,3,42,26,12,13,0,0,0,0,0,0
0,0,1,2,6,19,0,5,38,26,11,16,0,27,45,20,2,0,0,19,54,29,8,7,0,3,42,25,13,13,0,0,0,0,0,0
0,0,1,2,6,19,0,4,37,26,11,15,0,27,43,17,2,1,0,18,54,28,8,8,0,4,43,26,13,13,0,0,0,0,0,0
0,0,1,2,7,20,0,5,38,27,11,16,0,27,43,17,2,1,0,19,54,28,8,8,0,4,43,26,12,12,0,0,0,0,0,0
0,0,1,2,6,20,0,5,39,27,11,16,0,27,45,21,2,0,0,19,54,29,8,8,0,4,43,26,12,12,0,0,0,0,0,0
0,0,1,2,7,21,0,5,39,26,11,17,0,27,45,21,2,0,0,20,55,29,8,7,0,4,43,26,12,12,0,0,0,0,0,0
0,0,1,2,7,20,0,5,38,25,11,17,0,27,45,20,2,0,0,19,55,28,8,8,0,4,42,26,12,13,0,0,0,0,0,0
0,0,2,2,6,19,0,5,38,27,11,16,0,27,44,20,2,1,0,19,54,28,8,8,0,4,42,26,12,13,0,0,0,0,0,0
0,0,1,2,6,19,0,5,40,27,11,17,0,26,44,20,2,1,0,20,55,29,8,8,0,4,43,26,12,13,0,0,0,0,0,0
0,0,1,2,6,20,0,5,39,27,11,16,0,27,45,20,2,1,0,19,54,28,8,8,0,4,43,27,13,13,0,0,0,0,0,0
0,0,1,2,7,20,0,5,38,26,11,16,0,26,45,21,1,1,0,20,55,28,8,8,0,4,43,27,13,13,0,0,0,0,0,0
0,0,1,2,7,20,0,5,39,26,11,17,0,26,42,20,1,1,0,20,55,28,8,8,0,4,43,27,13,13,0,0,0,0,0,0
0,0,1,2,7,20,0,5,40,27,11,17,0,27,42,19,2,1,0,20,55,28,8,8,0,4,43,27,13,13,0,0,0,0,0,0
0,0,1,2,7,20,0,5,38,27,11,17,0,27,46,21,2,1,0,20,55,29,8,8,0,4,42,27,13,13,0,0,0,0,0,0
0,0,1,2,6,20,0,4,37,26,11,17,0,27,46,21,2,1,0,20,56,29,8,8,0,4,42,26,13,13,0,0,0,0,0,0
0,0,1,2,6,20,0,5,38,26,11,16,0,27,45,20,2,1,0,19,55,29,8,8,0,4,43,27,13,13,0,0,0,0,0,0
0,0,1,2,7,21,0,5,38,27,11,17,0,26,45,21,2,1,0,19,54,29,8,8,0,4,43,27,13,13,0,0,0,0,0,0
0,0,1,2,7,21,0,5,39,27,11,17,0,27,47,21,2,1,0,19,55,29,9,8,0,4,43,27,13,13,0,0,0,0,0,0
0,0,1,2,7,21,0,5,39,27,11,17,0,27,45,21,2,1,0,19,55,29,9,8,0,4,44,27,13,13,0,0,0,0,0,0
0,0,1,2,7,21,0,5,39,27,11,17,0,27,43,21,2,1,0,20,55,29,8,8,0,4,43,26,13,13,0,0,0,0,0,0
0,0,1,2,7,21,0,5,40,28,11,18,0,27,46,21,2,1,0,20,56,29,8,8,0,3,42,26,13,13,0,0,0,0,0,0
0,0,1,2,7,21,0,5,39,27,11,18,0,27,46,21,2,1,0,19,55,29,8,8,0,4,43,26,13,13,0,0,0,0,0,0
0,0,1,2,7,21,0,5,38,27,11,17,0,26,46,21,2,1,0,19,55,29,8,8,0,4,44,27,13,13,0,0,0,0,0,0
0,0,1,3,7,20,0,5,38,27,11,17,0,26,46,21,2,1,0,19,55,29,8,7,0,4,44,27,13,13,0,0,0,0,0,0
0,0,1,2,7,20,0,5,38,27,11,17,0,26,46,22,2,1,0,18,54,30,8,8,0,3,43,26,13,13,0,0,0,0,0,0
0,0,1,3,6,20,0,4,38,28,11,17,0,26,46,22,1,1,0,18,55,30,8,8,0,3,43,26,13,13,0,0,0,0,0,0
0,0,1,2,6,20,0,4,38,28,11,17,0,27,47,21,1,1,0,19,55,29,8,8,0,4,44,27,13,13,0,0,0,0,0,0
0,0,1,2,6,21,0,5,38,27,11,17,0,29,47,18,2,1,0,20,55,29,9,8,0,4,44,27,13,13,0,0,0,0,0,0
0,0,1,2,6,21,0,4,39,27,11,17,0,29,47,18,2,1,0,20,57,30,8,8,0,4,44,26,13,13,0,0,0,0,0,0
0,0,1,2,7,22,0,4,38,27,11,17,0,27,47,20,2,1,0,20,57,29,8,8,0,4,44,27,13,13,0,0,0,0,0,0
0,0,1,2,7,22,0,4,37,26,11,17,0,27,48,21,2,1,0,20,56,29,9,8,0,4,44,27,13,13,0,0,0,0,0,0
0,0,1,2,7,21,0,5,39,27,11,17,0,28,48,22,2,1,0,19,55,29,8,8,0,4,44,27,13,13,0,0,0,0,0,0
0,0,1,2,6,22,0,5,40,27,11,17,0,24,44,23,2,1,0,19,56,30,8,8,0,4,44,27,13,13,0,0,0,0,0,0
0,0,1,2,7,21,0,5,40,27,11,17,0,24,43,23,2,1,0,19,56,31,8,8,0,4,43,27,13,13,0,0,0,0,0,0
0,0,1,2,7,21,0,5,39,27,11,17,0,26,46,22,2,1,0,19,55,29,8,8,0,4,43,26,13,13,0,0,0,0,0,0
0,0,1,3,7,21,0,5,38,27,11,17,0,27,47,22,2,1,0,19,56,29,8,8,0,4,43,26,13,13,0,0,0,0,0,0
0,0,2,3,7,20,0,5,38,28,11,17,0,27,46,21,2,2,0,20,56,30,8,8,0,4,44,26,13,14,0,0,0,0,0,0
0,0,2,3,7,21,0,5,39,28,11,17,0,27,46,21,2,2,0,20,57,29,8,8,0,4,45,27,13,14,0,0,0,0,0,0
0,0,2,2,7,22,0,5,39,26,11,16,0,30,45,22,2,1,0,20,57,29,8,8,0,4,45,27,13,13,0,0,0,0,0,0
0,0,1,2,7,23,0,5,39,27,11,17,0,31,45,23,2,1,0,21,56,29,8,8,0,4,45,26,13,13,0,0,0,0,0,0
0,0,1,2,7,22,0,5,39,28,11,17,0,28,49,23,3,1,0,21,58,29,8,8,0,4,45,26,13,13,0,0,0,0,0,0
0,0,2,3,7,22,0,5,39,28,11,17,0,28,49,23,3,1,0,21,59,30,8,8,0,4,45,27,13,14,0,0,0,0,0,0
0,0,2,3,7,21,0,5,39,27,11,17,0,29,49,23,2,1,0,21,57,30,8,8,0,4,45,27,13,14,0,0,0,0,0,0
0,0,2,3,7,21,0,5,39,27,11,18,0,28,49,23,2,1,0,20,55,29,9,8,0,4,45,27,13,13,0,0,0,0,0,0
0,0,2,3,7,21,0,5,39,27,11,17,0,27,49,23,2,1,0,21,57,30,9,8,0,4,45,27,13,13,0,0,0,0,0,0
0,0,1,2,7,20,0,5,38,27,11,17,0,28,49,23,3,1,0,22,57,31,8,8,0,4,45,27,13,13,0,0,0,0,0,0
0,0,1,2,7,20,0,5,39,28,11,17,0,28,48,23,3,1,0,21,57,30,8,8,0,4,45,27,13,14,0,0,0,0,0,0
0,0,2,3,6,20,0,5,40,28,11,17,0,26,47,23,3,1,0,19,55,31,8,8,0,4,45,27,13,14,0,0,0,0,0,0
0,0,2,3,6,20,0,5,40,28,11,17,0,25,46,22,3,1,0,18,53,31,8,8,0,3,45,26,13,14,0,0,0,0,0,0
0,0,1,2,6,21,0,5,40,28,11,16,0,26,46,22,3,0,0,18,53,31,9,8,0,3,45,27,13,14,0,0,0,0,0,0
0,0,1,3,5,20,0,5,40,27,11,16,0,27,46,22,3,1,0,18,53,31,9,8,0,3,45,27,13,14,0,0,0,0,0,0
0,0,1,3,6,20,0,5,39,27,11,17,0,26,46,22,3,1,0,18,52,30,9,8,0,4,45,27,13,13,0,0,0,0,0,0
0,0,1,2,7,21,0,5,40,27,11,17,0,26,45,22,3,1,0,18,52,29,9,8,0,4,44,27,13,13,0,0,0,0,0,0
0,0,1,2,7,21,0,5,40,27,11,17,0,24,43,22,3,1,0,16,50,29,9,8,0,4,44,28,13,13,0,0,0,0,0,0
0,0,1,2,6,21,0,4,40,26,11,17,0,21,42,22,2,1,0,14,48,29,9,9,0,3,45,28,13,14,0,0,0,0,0,0
0,0,1,2,6,20,0,4,40,26,11,18,0,19,42,22,2,0,0,14,48,30,9,8,0,2,44,27,13,14,0,0,0,0,0,0
0,0,1,2,6,20,0,3,40,26,11,18,0,17,42,22,2,0,0,13,47,31,8,8,0,2,44,27,13,14,0,0,0,0,0,0
0,0,1,2,6,20,0,3,39,26,11,18,0,16,40,22,2,1,0,12,47,31,9,8,0,1,44,27,14,14,0,0,0,0,0,0
0,0,1,2,6,20,0,3,40,27,11,17,0,14,40,23,2,1,0,12,47,31,9,7,0,1,44,27,14,14,0,0,0,0,0,0
0,0,1,2,6,21,0,4,40,27,11,17,0,14,39,23,2,1,0,12,47,31,9,7,0,2,44,28,14,13,0,0,0,0,0,0
0,0,1,2,6,21,0,3,38,26,11,17,0,15,37,22,3,0,0,12,46,31,9,7,0,2,43,28,13,13,0,0,0,0,0,0
0,0,1,2,6,21,0,3,38,26,11,17,0,14,34,22,3,1,0,11,46,31,9,7,0,1,43,27,13,13,0,0,0,0,0,0
0,0,1,2,6,20,0,3,39,27,11,17,0,13,35,22,2,1,0,10,46,32,8,7,0,0,42,28,13,13,0,0,0,0,0,0
0,0,1,2,6,20,0,2,39,26,11,17,0,12,36,22,2,0,0,9,47,32,8,7,0,0,42,27,13,13,0,0,0,0,0,0
0,0,1,2,5,20,0,1,38,26,11,17,0,11,35,22,2,0,0,8,47,31,8,7,0,0,40,26,13,14,0,0,0,0,0,0
0,0,1,2,5,20,0,0,37,26,11,17,0,9,34,20,2,0,0,6,47,29,8,7,0,0,37,26,13,14,0,0,0,0,0,0
0,0,1,1,5,20,0,0,35,26,11,17,0,9,34,20,2,0,0,6,47,28,7,7,0,1,37,25,13,13,0,0,0,0,0,0
0,0,0,1,6,21,0,0,34,26,11,16,0,9,32,20,2,1,0,6,46,28,8,7,0,1,38,23,13,13,0,0,0,0,0,0
0,0,0,1,6,20,0,0,32,25,11,17,0,9,32,20,2,1,0,7,46,30,8,8,0,0,39,24,12,13,0,0,0,0,0,0
0,0,1,1,6,19,0,0,33,25,11,18,0,10,34,21,2,0,0,7,47,32,8,7,0,0,40,24,12,13,0,0,0,0,0,0
0,0,0,1,6,20,0,1,35,26,11,17,0,10,32,20,2,1,0,8,47,32,8,8,0,0,41,24,12,13,0,0,0,0,0,0
0,0,1,2,6,21,0,1,34,26,11,17,0,10,31,20,2,0,0,8,45,31,9,8,0,0,42,24,13,13,0,0,0,0,0,0
0,0,1,2,6,20,0,1,33,26,11,17,0,10,31,21,2,0,0,8,46,32,9,8,0,0,42,24,13,13,0,0,0,0,0,0
0,0,1,2,5,20,0,1,33,27,11,17,0,10,32,21,2,0,0,8,47,32,9,8,0,0,40,24,13,13,0,0,0,0,0,0
0,0,1,2,5,20,0,1,32,27,11,17,0,10,29,22,1,0,0,8,48,32,9,8,0,0,40,25,13,13,0,0,0,0,0,0
0,0,1,2,5,20,0,0,32,26,11,15,0,10,29,21,1,0,0,7,48,32,9,8,0,0,40,26,13,13,0,0,0,0,0,0
0,0,0,2,5,20,0,0,32,26,11,15,0,9,32,20,2,0,0,7,48,32,9,8,0,0,39,27,13,13,0,0,0,0,0,0
0,0,1,2,5,19,0,0,32,27,11,16,0,9,32,21,1,0,0,7,48,32,8,8,0,0,38,26,13,13,0,0,0,0,0,0
0,0,1,2,5,18,0,0,33,27,11,16,0,9,32,21,1,0,0,7,47,33,9,8,0,0,38,27,13,13,0,0,0,0,0,0
0,0,1,2,6,18,0,0,33,27,11,15,0,9,33,21,1,0,0,7,47,32,9,8,0,0,39,28,13,13,0,0,0,0,0,0
0,0,1,2,6,17,0,0,35,27,11,15,0,9,33,21,1,0,0,7,48,32,9,8,0,0,39,27,13,13,0,0,0,0,0,0
0,0,1,2,5,17,0,0,35,26,11,16,0,8,33,20,2,0,0,7,48,32,9,8,0,0,39,27,13,13,0,0,0,0,0,0
0,0,1,2,5,17,0,0,35,26,12,15,0,7,33,21,2,0,0,6,48,32,9,8,0,1,39,27,13,13,0,0,0,0,0,0
0,0,1,2,5,17,0,0,35,25,12,15,0,7,33,20,2,0,0,5,48,33,9,8,0,2,39,27,13,14,0,0,0,0,0,0
0,0,1,2,4,16,0,0,35,25,11,17,0,7,34,19,2,1,0,5,47,33,9,8,0,2,39,27,13,14,0,0,0,0,0,0
0,0,1,2,5,17,0,0,35,25,11,17,0,7,33,19,2,1,0,5,47,33,9,8,0,2,39,28,14,14,0,0,0,0,0,0
0,0,1,2,5,18,0,0,35,25,12,17,0,8,35,22,1,0,0,6,47,34,9,8,0,2,39,28,14,14,0,0,0,0,0,0
0,0,1,2,5,19,0,0,35,25,11,17,0,8,35,22,2,0,0,6,46,34,9,8,0,1,39,28,14,13,0,0,0,0,0,0
0,0,1,2,6,19,0,0,36,26,11,17,0,8,34,20,2,1,0,5,44,33,9,8,0,2,40,28,14,13,0,0,0,0,0,0
0,0,1,2,5,19,0,0,37,26,11,17,0,8,34,21,2,1,0,5,42,33,9,8,0,2,40,28,14,14,0,0,0,0,0,0
0,0,1,2,5,19,0,0,37,26,11,18,0,8,34,21,2,0,0,5,41,32,9,8,0,2,39,29,14,13,0,0,0,0,0,0
0,0,1,2,6,20,0,0,37,26,11,17,0,8,34,21,2,0,0,5,40,32,9,8,0,1,38,28,14,13,0,0,0,0,0,0
0,0,1,2,6,20,0,0,38,26,11,17,0,8,35,22,2,0,0,5,39,33,9,8,0,1,36,28,14,13,0,0,0,0,0,0
0,0,1,2,5,20,0,0,38,26,11,17,0,9,35,22,1,0,0,5,38,33,9,9,0,1,35,28,14,14,0,0,0,0,0,0
0,0,1,2,5,19,0,0,37,25,11,17,0,8,35,22,2,0,0,5,36,33,9,9,0,2,34,28,14,13,0,0,0,0,0,0
0,0,1,2,5,19,0,0,37,24,11,17,0,8,33,22,2,0,0,4,35,33,9,9,0,2,35,28,14,13,0,0,0,0,0,0
0,0,1,2,5,20,0,0,38,26,11,17,0,8,33,21,2,1,0,4,35,32,9,9,0,2,35,28,14,14,0,0,0,0,0,0
0,0,1,2,5,20,0,0,37,25,11,17,0,8,34,21,2,1,0,4,35,33,9,9,0,1,34,28,14,14,0,0,0,0,0,0
0,0,1,2,5,19,0,0,35,23,11,14,0,7,34,21,1,0,0,4,33,33,9,9,0,1,31,28,14,14,0,0,0,0,0,0
0,0,1,2,5,18,0,0,36,22,11,14,0,6,33,21,1,0,0,3,33,32,9,9,0,0,28,27,14,13,0,0,0,0,0,0
0,0,1,2,5,17,0,1,35,22,12,14,0,5,31,21,1,0,0,2,33,32,9,9,0,0,24,25,14,13,0,0,0,0,0,0
0,0,1,2,5,16,0,1,34,24,13,14,0,4,28,20,1,0,0,1,35,32,9,9,0,0,21,24,13,13,0,0,0,0,0,0
0,0,0,2,6,16,0,1,32,26,13,15,0,4,26,18,1,0,0,1,37,32,9,9,0,0,19,23,13,13,0,0,0,0,0,0
0,0,0,2,6,17,0,1,32,27,14,16,0,4,25,16,0,0,0,2,39,30,9,9,0,0,18,23,12,13,0,0,0,0,0,0
0,0,0,2,6,18,0,0,31,27,13,16,0,5,26,15,0,0,0,3,40,28,9,9,0,0,19,25,13,13,0,0,0,0,0,0
0,0,0,1,5,19,0,0,28,24,12,17,0,5,25,14,0,0,0,4,42,27,9,9,0,0,21,26,13,13,0,0,0,0,0,0
0,0,0,0,5,18,0,0,22,20,11,18,0,6,25,13,0,0,0,5,45,29,9,9,0,1,24,26,13,13,0,0,0,0,0,0
0,0,0,0,3,16,0,0,16,14,10,15,0,7,25,11,0,0,0,5,48,30,9,9,0,0,28,27,13,14,0,0,0,0,0,0
0,0,0,0,2,14,0,0,14,11,8,13,0,7,24,9,0,0,0,6,49,30,9,9,0,0,31,27,14,13,0,0,0,0,0,0
0,0,0,0,0,12,0,0,13,9,6,13,0,8,24,8,0,0,0,7,51,31,8,8,0,0,32,27,14,13,0,0,0,0,0,0
0,0,0,0,0,8,0,0,12,7,5,12,0,8,24,8,0,0,0,8,53,30,8,7,0,1,33,28,14,13,0,0,0,0,0,0
0,0,0,0,0,3,0,0,11,7,5,10,0,9,25,8,0,0,0,9,53,30,8,7,0,2,33,29,13,13,0,0,0,0,0,0
0,0,0,0,0,0,0,1,12,7,5,9,0,10,27,7,0,0,0,10,54,31,8,7,0,3,35,29,13,13,0,0,0,0,0,0
0,0,0,0,0,0,0,1,11,6,5,7,0,10,28,7,0,0,0,10,54,33,8,7,0,4,38,29,13,13,0,0,0,1,0,0
0,0,0,0,0,0,0,1,11,6,4,5,0,10,27,5,0,0,0,10,55,34,7,7,0,4,40,30,13,13,0,0,0,0,0,0
0,0,0,0,0,0,0,1,11,4,2,2,0,11,27,4,0,0,0,11,55,35,8,8,0,4,40,32,14,13,0,0,0,0,0,0
0,0,0,0,0,0,0,1,11,3,1,0,0,11,28,4,0,0,0,12,55,36,8,8,0,4,40,34,15,13,0,0,0,0,0,0
0,0,0,0,0,0,0,0,10,2,0,0,0,11,28,3,0,0,0,13,56,39,9,8,0,4,40,35,16,14,0,0,0,0,0,0
0,0,0,0,0,0,0,0,8,0,0,0,0,10,26,2,0,0,0,12,57,42,9,9,0,4,40,36,18,14,0,0,0,0,0,0
0,0,0,0,0,0,0,0,6,0,0,0,0,10,26,2,0,0,0,12,58,43,10,9,0,4,41,38,19,14,0,0,0,0,0,0
0,0,0,0,0,0,0,0,4,0,0,0,0,10,25,1,0,0,0,12,60,45,9,9,0,4,41,38,18,14,0,0,0,1,0,0
0,0,0,0,0,0,0,0,3,0,0,0,0,9,25,1,0,0,0,12,60,46,9,9,0,4,42,38,18,14,0,0,0,1,0,0
0,0,0,0,0,0,0,0,3,0,0,0,0,9,25,1,0,0,0,12,61,45,10,9,0,4,42,39,18,14,0,0,0,0,0,0
0,0,0,0,0,0,0,0,3,0,0,0,0,9,24,1,0,0,0,11,59,43,10,10,0,4,40,38,18,14,0,0,0,0,0,0
0,0,0,0,0,0,0,0,2,0,0,0,0,9,23,0,0,0,0,11,59,43,10,10,0,3,37,35,19,14,0,0,0,0,0,0
0,0,0,0,0,0,0,0,2,0,0,0,0,8,22,0,0,0,0,12,62,46,10,11,0,3,37,34,18,14,0,0,0,0,0,0
0,0,0,0,0,0,0,0,2,0,0,0,0,9,21,0,0,0,0,12,65,49,11,12,0,3,36,32,17,14,0,0,0,0,0,0
0,0,0,0,0,0,0,0,1,0,0,0,0,8,21,0,0,0,0,12,67,52,11,12,0,3,35,28,15,13,0,0,0,0,0,0
0,0,0,0,0,0,0,0,1,0,0,0,0,8,21,0,0,0,0,12,68,54,12,13,0,3,35,26,14,13,0,0,0,0,0,0
0,0,0,0,0,0,0,0,1,0,0,0,0,8,20,0,0,0,0,12,71,57,12,13,0,3,35,24,14,14,0,0,0,0,0,0
0,0,0,0,0,0,0,0,1,0,0,0,0,7,19,0,0,0,0,12,72,58,12,13,0,3,34,24,15,14,0,0,0,0,0,0
0,0,0,0,0,0,0,0,0,0,0,0,0,6,18,0,0,0,0,12,72,61,12,13,0,3,35,25,16,14,0,0,0,0,0,0
0,0,0,0,0,0,0,0,0,0,0,0,0,6,17,0,0,0,0,13,74,63,12,14,0,4,36,27,17,14,0,0,0,0,0,0
0,0,0,0,0,0,0,0,0,0,0,0,0,5,17,0,0,0,0,12,76,66,13,14,0,4,37,29,18,14,0,0,0,0,0,0
0,0,0,0,0,0,0,0,0,0,0,0,0,5,16,0,0,0,0,12,78,69,13,14,0,3,38,29,18,14,0,0,0,0,0,0
0,0,0,0,0,0,0,0,0,0,0,0,0,5,15,0,0,0,0,13,79,71,13,14,0,4,38,31,18,14,0,0,0,0,0,0
0,0,0,0,0,0,0,0,0,0,0,0,0,5,14,0,0,0,0,13,79,72,13,14,0,4,39,33,19,15,0,0,0,0,0,0
0,0,0,0,0,0,0,0,0,0,0,0,0,4,14,0,0,0,0,12,79,70,13,14,0,4,40,35,20,15,0,0,0,0,0,0
0,0,0,0,0,0,0,0,0,0,0,0,0,4,13,0,0,0,0,12,79,70,13,14,0,4,40,35,21,16,0,0,0,0,0,0
0,0,0,0,0,0,0,0,0,0,0,0,0,4,13,0,0,0,0,12,77,69,13,14,0,4,41,37,21,16,0,0,0,0,0,0
0,0,0,0,0,0,0,0,0,0,0,0,0,4,13,0,0,0,0,12,78,70,13,14,0,4,43,38,21,16,0,0,0,0,0,0
0,0,0,0,0,0,0,0,0,0,0,0,0,4,13,0,0,0,0,12,79,70,13,14,0,4,43,38,22,17,0,0,0,0,0,0
0,0,0,0,0,0,0,0,0,0,0,0,0,4,13,0,0,0,0,12,79,67,12,13,0,4,43,40,22,16,0,0,0,1,0,0
0,0,0,0,0,0,0,0,0,0,0,0,0,4,13,0,0,0,0,12,79,62,13,13,0,4,44,41,22,15,0,0,0,0,0,0
0,0,0,0,0,0,0,0,0,0,0,0,0,4,13,0,0,0,0,13,79,56,13,13,0,5,45,42,22,15,0,0,0,0,0,0
0,0,0,0,0,0,0,0,0,0,0,0,0,4,12,0,0,0,0,13,77,51,12,12,0,5,45,40,22,15,0,0,0,0,0,0
0,0,0,0,0,0,0,0,0,0,0,0,0,4,12,0,0,0,0,13,77,51,12,12,0,5,45,40,22,15,0,0,0,0,0,0
0,0,0,0,0,0,0,0,0,0,0,0,0,4,12,0,0,0,0,13,72,49,11,10,0,5,45,39,22,16,0,0,0,0,0,0
0,0,0,0,0,0,0,0,0,0,0,0,0,4,13,0,0,0,0,12,67,48,10,8,0,5,45,39,21,17,0,0,0,1,0,0
0,0,0,0,0,0,0,0,0,0,0,0,0,4,13,0,0,0,0,11,60,44,10,8,0,4,46,41,21,17,0,0,0,1,0,0
0,0,0,0,0,0,0,0,0,0,0,0,0,4,13,0,0,0,0,10,55,39,10,7,0,4,47,45,22,16,0,0,0,1,0,0
0,0,0,0,0,0,0,0,0,0,0,0,0,4,13,0,0,0,0,10,54,36,9,6,0,4,48,48,22,16,0,0,0,1,0,0
0,0,0,0,0,0,0,0,0,0,0,0,0,4,14,0,0,0,0,9,54,37,9,6,0,3,49,51,23,17,0,0,0,2,0,0
0,0,0,0,0,0,0,0,1,0,0,0,0,4,15,0,0,0,0,10,55,42,9,6,0,3,50,54,24,17,0,0,0,2,0,0
0,0,0,0,0,0,0,0,2,0,0,0,0,6,18,0,0,0,0,11,57,46,10,6,0,3,50,54,24,17,0,0,0,1,0,0
0,0,0,0,0,0,0,0,4,0,0,0,0,7,20,1,0,0,0,11,57,49,11,6,0,3,47,52,24,16,0,0,0,1,0,0
0,0,0,0,0,0,0,1,6,1,0,0,0,9,22,1,0,0,0,12,54,51,11,8,0,2,44,47,24,16,0,0,0,1,0,0
0,0,0,0,0,0,0,3,10,4,1,0,0,10,27,2,0,0,0,12,49,49,11,9,0,2,40,40,23,16,0,0,0,0,0,0
0,0,0,0,2,5,0,4,14,7,3,1,0,10,31,3,0,0,0,10,42,42,11,9,0,0,32,32,20,14,0,0,0,0,0,0
0,0,0,2,5,11,0,4,20,11,6,3,0,8,30,3,0,0,0,6,34,30,11,9,0,0,22,23,14,13,0,0,0,0,0,0
0,0,1,4,9,16,0,2,23,15,9,4,0,5,25,4,0,0,0,3,26,23,11,10,0,0,14,17,12,12,0,0,0,0,0,0
0,0,1,7,12,19,0,1,25,22,11,5,0,1,19,4,0,0,0,0,18,19,10,9,0,0,10,14,10,11,0,0,0,0,0,0
0,0,1,9,17,25,0,0,28,31,14,6,0,0,13,4,0,0,0,0,13,15,10,9,0,0,7,12,8,9,0,0,0,0,0,0
0,0,0,11,24,34,0,0,29,38,18,8,0,0,10,4,0,0,0,0,10,14,9,8,0,0,4,9,4,5,0,0,0,0,0,0
0,0,0,11,26,40,0,0,30,41,22,10,0,0,8,3,0,0,0,0,8,14,8,7,0,0,1,6,2,1,0,0,0,0,0,0
0,0,0,11,26,40,0,0,32,42,22,10,0,0,6,3,0,0,0,0,5,11,5,3,0,0,0,2,0,0,0,0,0,0,0,0
0,0,0,11,26,39,0,0,31,42,22,11,0,0,6,3,0,0,0,0,4,9,4,0,0,0,0,0,0,0,0,0,0,0,0,0
0,0,0,10,26,38,0,0,28,41,22,9,0,0,7,3,0,0,0,0,3,10,5,0,0,0,0,0,0,0,0,0,0,0,0,0
0,0,0,10,26,38,0,0,23,36,21,7,0,0,7,4,1,0,0,0,2,11,7,0,0,0,0,0,0,0,0,0,0,0,0,0
0,0,0,7,26,38,0,0,9,23,19,6,0,0,4,3,2,1,0,0,0,10,8,1,0,0,0,0,0,0,0,0,0,0,0,0
0,0,0,2,17,39,0,0,0,8,11,7,0,0,0,0,1,3,0,0,0,5,5,1,0,0,0,0,0,0,0,0,0,0,0,0
0,0,0,0,5,31,0,0,0,0,3,6,0,0,0,0,0,3,0,0,0,0,1,0,0,0,0,0,0,0,0,0,0,0,0,0
0,0,0,0,0,14,0,0,0,0,0,1,0,0,0,0,0,0,0,0,0,0,0,0,0,0,0,0,0,0,0,0,0,0,0,0
0,0,0,0,0,4,0,0,0,0,0,0,0,0,0,0,0,0,0,0,0,0,0,0,0,0,0,0,0,0,0,0,0,0,0,0
0,0,0,0,0,0,0,0,0,0,0,0,0,0,0,0,0,0,0,0,0,0,0,0,0,0,0,0,0,0,0,0,0,0,0,0
